#100 6704 6 ST SW,#100 6704 6 ST SW,469,GJ,Calgary,Alberta,Canada,2023
#100 816 MCDOUGALL RD NE HOUSING,#100 816 MCDOUGALL RD NE,343,GJ,Calgary,Alberta,Canada,2023
100 CASTLEDALE WY NE HOUSING,100 CASTLEDALE WY NE,155,GJ,Calgary,Alberta,Canada,2023
100 FALCHURCH CR NE HOUSING,100 FALCHURCH CR NE,145,GJ,Calgary,Alberta,Canada,2023
10 & 12 FALMEAD PL NE HOUSING,12 FALMEAD PL NE,143,GJ,Calgary,Alberta,Canada,2023
#10-15 2730 19 AV SE HOUSING,#10-15 2730 19 AV SE,322,GJ,Calgary,Alberta,Canada,2023
1019 78 AV NW HOUSING,1019 78 AV NW,111,GJ,Calgary,Alberta,Canada,2023
1031A-1031D 8 ST SE HOUSING,1031 8 ST SE,203,GJ,Calgary,Alberta,Canada,2023
1033-1039 8 ST SE HOUSING,1033 8 ST SE,486,GJ,Calgary,Alberta,Canada,2023
1040 & 1042 MAGGIE ST SE HOUSING,1040 MAGGIE ST SE,114,GJ,Calgary,Alberta,Canada,2023
1041 & 1043 8 ST SE HOUSING,1041 8 ST SE,81,GJ,Calgary,Alberta,Canada,2023
1045 & 1047 8 ST SE HOUSING,1045 8 ST SE,134,GJ,Calgary,Alberta,Canada,2023
1049 & 1051 8 ST SE HOUSING,1051 8 ST SE,168,GJ,Calgary,Alberta,Canada,2023
104 ABINGDON CO NE HOUSING,104 ABINGDON CO NE,126,GJ,Calgary,Alberta,Canada,2023
106-110 TACHE AV NW HOUSING,110 TACHE AV NW,173,GJ,Calgary,Alberta,Canada,2023
108 ABALONE CR NE HOUSING,108 ABALONE CR NE,79,GJ,Calgary,Alberta,Canada,2023
110 & 112 ERIN WOODS BV SE HOUSING,110 ERIN WOODS BV SE,136,GJ,Calgary,Alberta,Canada,2023
1111 36 ST SE HOUSING,1111 36 ST SE,102,GJ,Calgary,Alberta,Canada,2023
111 ABALONE WY NE HOUSING,111 ABALONE WY NE,95,GJ,Calgary,Alberta,Canada,2023
1129 & 1131 22 AV NW HOUSING,1129 22 AV NW,132,GJ,Calgary,Alberta,Canada,2023
113 & 115 FALBURY CR NE HOUSING,113 FALBURY CR NE,142,GJ,Calgary,Alberta,Canada,2023
1133 & 1135 22 AV NW HOUSING,1131 22 AV NW,138,GJ,Calgary,Alberta,Canada,2023
1137 & 1139 22 AV NW HOUSING,1133 22 AV NW,140,GJ,Calgary,Alberta,Canada,2023
114 & 116 ERIN WOODS BV SE HOUSING,114 ERIN WOODS BV SE,208,GJ,Calgary,Alberta,Canada,2023
116 ABBERCOVE WY SE HOUSING,116 ABBERCOVE WY SE,113,GJ,Calgary,Alberta,Canada,2023
118-124 ERIN DALE CR SE HOUSING,120 ERIN DALE CR SE,227,GJ,Calgary,Alberta,Canada,2023
120 FALTON DR NE HOUSING,120 FALTON DR NE,137,GJ,Calgary,Alberta,Canada,2023
121 & 123 FALSBY RD NE HOUSING,121 FALSBY RD NE,130,GJ,Calgary,Alberta,Canada,2023
1215 17 AV NW HOUSING,1215 17 AV NW,800,GJ,Calgary,Alberta,Canada,2023
121 FALTON DR NE HOUSING,121 FALTON DR NE,82,GJ,Calgary,Alberta,Canada,2023
1239 17 AV NW HOUSING,1239 17 AV NW,696,GJ,Calgary,Alberta,Canada,2023
123 ABALONE WY NE HOUSING,123 ABALONE WY NE,110,GJ,Calgary,Alberta,Canada,2023
123 ERIN MOUNT CR SE HOUSING,123 ERIN MOUNT CR SE,113,GJ,Calgary,Alberta,Canada,2023
123 FALTON DR NE HOUSING,123 FALTON DR NE,66,GJ,Calgary,Alberta,Canada,2023
126-130 ERIN DALE CR SE HOUSING,126 ERIN DALE CR SE,208,GJ,Calgary,Alberta,Canada,2023
127 ERIN MOUNT CR SE HOUSING,127 ERIN MOUNT CR SE,99,GJ,Calgary,Alberta,Canada,2023
128 HAVENHURST CR SW HOUSING,128 HAVENHURST CR SW,123,GJ,Calgary,Alberta,Canada,2023
12 ABBERCOVE DR SE HOUSING,12 ABBERCOVE DR SE,91,GJ,Calgary,Alberta,Canada,2023
12 ERIN RIDGE PL SE HOUSING,12 ERIN RIDGE PL SE,98,GJ,Calgary,Alberta,Canada,2023
1327 36 ST SE HOUSING,1327 36 ST SE,168,GJ,Calgary,Alberta,Canada,2023
132 FALTON DR NE HOUSING,132 FALTON DR NE,104,GJ,Calgary,Alberta,Canada,2023
1352 FALCONRIDGE DR NE HOUSING,1352 FALCONRIDGE DR NE,97,GJ,Calgary,Alberta,Canada,2023
#1-3 60 CEDARWOOD HL SW HOUSING,60 CEDARWOOD HL SW,218,GJ,Calgary,Alberta,Canada,2023
139 ERIN MOUNT CR SE HOUSING,139 ERIN MOUNT CR SE,112,GJ,Calgary,Alberta,Canada,2023
13 ERIN WOODS PL SE HOUSING,13 ERIN WOODS PL SE,94,GJ,Calgary,Alberta,Canada,2023
1404 & 1406 15 ST SE HOUSING,1406 15 ST SE,176,GJ,Calgary,Alberta,Canada,2023
1407 & 1409 16 ST SE HOUSING,1409 16 ST SE,134,GJ,Calgary,Alberta,Canada,2023
1408 & 1410 16 ST SE HOUSING,1410 16 ST SE,170,GJ,Calgary,Alberta,Canada,2023
140 ERIN GROVE CL SE HOUSING,140 ERIN GROVE CL SE,109,GJ,Calgary,Alberta,Canada,2023
140 FALTON CL NE HOUSING,140 FALTON CL NE,83,GJ,Calgary,Alberta,Canada,2023
1413 & 1415 16A ST SE HOUSING,1415 16A ST SE,122,GJ,Calgary,Alberta,Canada,2023
#14-18 7000 RANCHERO RD NW HOUSING,7000 RANCHERO RD NW,325,GJ,Calgary,Alberta,Canada,2023
1420 & 1420 16A ST SE HOUSING,1420 16A ST SE,163,GJ,Calgary,Alberta,Canada,2023
144 FALTON CL NE HOUSING,144 FALTON CL NE,74,GJ,Calgary,Alberta,Canada,2023
1451 21 AV SW HOUSING,1451 21 AV SW,4893,GJ,Calgary,Alberta,Canada,2023
15 & 19 DEERPOINT RD SE HOUSING,19 DEERPOINT RD SE,199,GJ,Calgary,Alberta,Canada,2023
152 ABINGDON CO NE HOUSING,152 ABINGDON CO NE,93,GJ,Calgary,Alberta,Canada,2023
155 & 157 FALTON DR NE HOUSING,155 FALTON DR NE,155,GJ,Calgary,Alberta,Canada,2023
159 & 161 FALTON DR NE HOUSING,159 FALTON DR NE,186,GJ,Calgary,Alberta,Canada,2023
15 RANCHERO GR NW HOUSING,15 RANCHERO GR NW,253,GJ,Calgary,Alberta,Canada,2023
160 FALTON DR NE HOUSING,160 FALTON DR NE,98,GJ,Calgary,Alberta,Canada,2023
#1-6 15 NORQUAY CO NW HOUSING,#1-6 15 NORQUAY CO NW,488,GJ,Calgary,Alberta,Canada,2023
1620 12 AV SW HOUSING,1620 12 AV SW,1806,GJ,Calgary,Alberta,Canada,2023
1631 4A ST NW HOUSING,1631 4A ST NW,99,GJ,Calgary,Alberta,Canada,2023
1635 6A ST NW HOUSING,1635 6A ST NW,57,GJ,Calgary,Alberta,Canada,2023
1636 4A ST NW HOUSING,1636 4A ST NW,62,GJ,Calgary,Alberta,Canada,2023
1636 6A ST NW HOUSING,1636 6A ST NW,74,GJ,Calgary,Alberta,Canada,2023
1636 6 ST NW HOUSING,1636 6 ST NW,87,GJ,Calgary,Alberta,Canada,2023
1636 7A ST NW HOUSING,1636 7A ST NW,92,GJ,Calgary,Alberta,Canada,2023
1636 8 ST NW HOUSING,1636 8 ST NW,40,GJ,Calgary,Alberta,Canada,2023
1636 9 ST NW HOUSING,1636 9 ST NW,63,GJ,Calgary,Alberta,Canada,2023
167 & 169 FALTON DR NE HOUSING,167 FALTON DR NE,173,GJ,Calgary,Alberta,Canada,2023
171 & 173 FALTON DR NE HOUSING,171 FALTON DR NE,248,GJ,Calgary,Alberta,Canada,2023
1712 35 ST SE HOUSING,1712 35 ST SE,1093,GJ,Calgary,Alberta,Canada,2023
171 ERIN MOUNT CR SE HOUSING,171 ERIN MOUNT CR SE,96,GJ,Calgary,Alberta,Canada,2023
1733 28 AV SW HOUSING,1733 28 AV SW,1497,GJ,Calgary,Alberta,Canada,2023
173 ERIN RIDGE RD SE HOUSING,173 ERIN RIDGE RD SE,77,GJ,Calgary,Alberta,Canada,2023
175 & 177 FALTON DR NE HOUSING,175 FALTON DR NE,157,GJ,Calgary,Alberta,Canada,2023
#1-7 7000 RANCHERO RD NW HOUSING,20 CASTLEGLEN RD NE,465,GJ,Calgary,Alberta,Canada,2023
18 & 20 CASTLEGLEN RD NE HOUSING,182 TEMPLEGREEN DR NE,218,GJ,Calgary,Alberta,Canada,2023
182 & 184 TEMPLEGREEN DR NE HOUSING,1827 16A ST SW,165,GJ,Calgary,Alberta,Canada,2023
1827 16A ST SW HOUSING,183 CEDARDALE RD SW,1752,GJ,Calgary,Alberta,Canada,2023
183 & 185 CEDARDALE RD SW HOUSING,11 1840 RANCHLANDS WY NW,198,GJ,Calgary,Alberta,Canada,2023
1840 RANCHLANDS WY NW HOUSING,187 FALSHIRE DR NE,974,GJ,Calgary,Alberta,Canada,2023
187 FALSHIRE DR NE HOUSING,187 FALTON WY NE,117,GJ,Calgary,Alberta,Canada,2023
187 FALTON WY NE HOUSING,189 FALSHIRE DR NE,93,GJ,Calgary,Alberta,Canada,2023
189 FALSHIRE DR NE HOUSING,18 RADCLIFFE CR SE,127,GJ,Calgary,Alberta,Canada,2023
18 RADCLIFFE CR SE HOUSING,1918 8 AV SE,423,GJ,Calgary,Alberta,Canada,2023
1918 8 AV SE HOUSING,1920 29 ST SW,273,GJ,Calgary,Alberta,Canada,2023
1920 29 ST SW HOUSING,196 DOVERGLEN CR SE,948,GJ,Calgary,Alberta,Canada,2023
#19-25 7000 RANCHERO RD NW HOUSING,200 DOVERGLEN CR SE,557,GJ,Calgary,Alberta,Canada,2023
194 & 196 DOVERGLEN CR SE HOUSING,19 ERIN GROVE CL SE,172,GJ,Calgary,Alberta,Canada,2023
198 & 200 DOVERGLEN CR SE HOUSING,19 RADCLIFFE CL SE,126,GJ,Calgary,Alberta,Canada,2023
19 ERIN GROVE CL SE HOUSING,19 RANCHERO GR NW,132,GJ,Calgary,Alberta,Canada,2023
19 RADCLIFFE CL SE HOUSING,#200 6704 6 ST SW,343,GJ,Calgary,Alberta,Canada,2023
19 RANCHERO GR NW HOUSING,#200 816 MCDOUGALL RD NE,394,GJ,Calgary,Alberta,Canada,2023
#200 6704 6 ST SW,2011 36 ST SE,426,GJ,Calgary,Alberta,Canada,2023
#200 816 MCDOUGALL RD NE HOUSING,204 DOVERGLEN CR SE,300,GJ,Calgary,Alberta,Canada,2023
2011 36 ST SE HOUSING,208 RADLEY PL SE,273,GJ,Calgary,Alberta,Canada,2023
202 & 204 DOVERGLEN CR SE HOUSING,#20-25 2730 19 AV SE,156,GJ,Calgary,Alberta,Canada,2023
202-208 RADLEY PL SE HOUSING,208 DOVERGLEN CR SE,322,GJ,Calgary,Alberta,Canada,2023
#20-25 2730 19 AV SE HOUSING,207 CEDARDALE RD SW,289,GJ,Calgary,Alberta,Canada,2023
206 & 208 DOVERGLEN CR SE HOUSING,207 ERIN MOUNT CR SE,130,GJ,Calgary,Alberta,Canada,2023
207 & 209 CEDARDALE RD SW HOUSING,207 FALDALE CL NE,214,GJ,Calgary,Alberta,Canada,2023
207 ERIN MOUNT CR SE HOUSING,208 ERIN CROFT CR SE,122,GJ,Calgary,Alberta,Canada,2023
207 FALDALE CL NE HOUSING,20 ERIN CROFT GR SE,78,GJ,Calgary,Alberta,Canada,2023
208 ERIN CROFT CR SE HOUSING,20 FALTON ME NE,70,GJ,Calgary,Alberta,Canada,2023
20 ERIN CROFT GR SE HOUSING,20 LINCOLN WY SW,102,GJ,Calgary,Alberta,Canada,2023
20 FALTON ME NE HOUSING,20 PENWORTH CL SE,103,GJ,Calgary,Alberta,Canada,2023
20 LINCOLN WY SW HOUSING,210 15 AV NE,1868,GJ,Calgary,Alberta,Canada,2023
20 PENWORTH CL SE HOUSING,212 DOVERGLEN CR SE,129,GJ,Calgary,Alberta,Canada,2023
210 15 AV NE HOUSING,21 FALBURY CR NE,526,GJ,Calgary,Alberta,Canada,2023
210 & 212 DOVERGLEN CR SE HOUSING,2222 VERMILLION ST NE,157,GJ,Calgary,Alberta,Canada,2023
21 & 23 FALBURY CR NE HOUSING,24 CASTLEGLEN RD NE,155,GJ,Calgary,Alberta,Canada,2023
2222 VERMILLION ST NE HOUSING,22 CASTLEPARK WY NE,2260,GJ,Calgary,Alberta,Canada,2023
22 & 24 CASTLEGLEN RD NE HOUSING,2226 30 ST SW,151,GJ,Calgary,Alberta,Canada,2023
22 & 24 CASTLEPARK WY NE HOUSING,2234 30 ST SW,170,GJ,Calgary,Alberta,Canada,2023
2226-2230 30 ST SW HOUSING,2240 30 ST SW,163,GJ,Calgary,Alberta,Canada,2023
2234-2238 30 ST SW HOUSING,225 14 AV SW,251,GJ,Calgary,Alberta,Canada,2023
2240 & 2242 30 ST SW HOUSING,230 5 AV SE,140,GJ,Calgary,Alberta,Canada,2023
225 14 AV SW HOUSING,27 DEERPOINT RD SE,608,GJ,Calgary,Alberta,Canada,2023
230 5 AV SE HOUSING & 433 MACLEOD TR SE HOUSING,236 RADLEY PL SE,15950,GJ,Calgary,Alberta,Canada,2023
23 & 27 DEERPOINT RD SE HOUSING,23 FALCHURCH PL NE,150,GJ,Calgary,Alberta,Canada,2023
236 RADLEY PL SE HOUSING,2431 39 ST SE,445,GJ,Calgary,Alberta,Canada,2023
23 FALCHURCH PL NE HOUSING,2443 48 ST SE,116,GJ,Calgary,Alberta,Canada,2023
2431 39 ST SE HOUSING,2444 47 ST SE,168,GJ,Calgary,Alberta,Canada,2023
2441-2445 48 ST SE HOUSING,247 PENSVILLE CL SE,282,GJ,Calgary,Alberta,Canada,2023
2442 & 2444 47 ST SE HOUSING,249 ABALONE PL NE,163,GJ,Calgary,Alberta,Canada,2023
247 PENSVILLE CL SE HOUSING,2513 14 AV SE,63,GJ,Calgary,Alberta,Canada,2023
249 & 251 ABALONE PL NE HOUSING,2712 41 ST SE,154,GJ,Calgary,Alberta,Canada,2023
2513 14 AV SE HOUSING,2804 13 AV SE,229,GJ,Calgary,Alberta,Canada,2023
2712 41 ST SE HOUSING,4303 DOVERWOOD PL SE,118,GJ,Calgary,Alberta,Canada,2023
2804 13 AV SE HOUSING,281 PENSVILLE CL SE,440,GJ,Calgary,Alberta,Canada,2023
2804 41 ST SE HOUSING,28 ABINGDON CO NE,143,GJ,Calgary,Alberta,Canada,2023
281 PENSVILLE CL SE HOUSING,28 FALTON RI NE,92,GJ,Calgary,Alberta,Canada,2023
28 ABINGDON CO NE HOUSING,28 FONDA DR SE,102,GJ,Calgary,Alberta,Canada,2023
28 FALTON RI NE HOUSING,28 RADCLIFFE CO SE,94,GJ,Calgary,Alberta,Canada,2023
28 FONDA DR SE HOUSING,29 TEMPLETON BA NE,484,GJ,Calgary,Alberta,Canada,2023
28 RADCLIFFE CO SE HOUSING,29 ERIN RIDGE RD SE,276,GJ,Calgary,Alberta,Canada,2023
29 & 31 TEMPLETON BA NE HOUSING,3004 29A ST SE,210,GJ,Calgary,Alberta,Canada,2023
29 ERIN RIDGE RD SE HOUSING,3005 30A ST SE,112,GJ,Calgary,Alberta,Canada,2023
3004 29A ST SE HOUSING,3007 28A ST SE,143,GJ,Calgary,Alberta,Canada,2023
3005 30A ST SE HOUSING,3008 29A ST SE,85,GJ,Calgary,Alberta,Canada,2023
3007 28A ST SE HOUSING,3011 32A ST SE,101,GJ,Calgary,Alberta,Canada,2023
3008 29A ST SE HOUSING,3009 30A ST SE,101,GJ,Calgary,Alberta,Canada,2023
3009 & 3011 32A ST SE HOUSING,3012 33A ST SE,219,GJ,Calgary,Alberta,Canada,2023
3009 30A ST SE HOUSING,3011 28A ST SE,110,GJ,Calgary,Alberta,Canada,2023
3010 & 3012 33A ST SE HOUSING,3011 30A ST SE,185,GJ,Calgary,Alberta,Canada,2023
3011 28A ST SE HOUSING,3012 29A ST SE,71,GJ,Calgary,Alberta,Canada,2023
3011 30A ST SE HOUSING,303 FALCONRIDGE CR NE,232,GJ,Calgary,Alberta,Canada,2023
3012 29A ST SE HOUSING,3013 28A ST SE,213,GJ,Calgary,Alberta,Canada,2023
301-313 FALCONRIDGE CR NE HOUSING,3015 32A ST SE,545,GJ,Calgary,Alberta,Canada,2023
3013 28A ST SE HOUSING,3014 29A ST SE,210,GJ,Calgary,Alberta,Canada,2023
3013 & 3015 32A ST SE HOUSING,3016 33A ST SE,202,GJ,Calgary,Alberta,Canada,2023
3014 29A ST SE HOUSING,3016 23 AV SW,144,GJ,Calgary,Alberta,Canada,2023
3014 & 3016 33A ST SE HOUSING,3019 32A ST SE,185,GJ,Calgary,Alberta,Canada,2023
3016-3028 23 AV SW HOUSING,3017 30A ST SE,290,GJ,Calgary,Alberta,Canada,2023
3017 & 3019 32A ST SE HOUSING,3020 33A ST SE,248,GJ,Calgary,Alberta,Canada,2023
3017 30A ST SE HOUSING,3019 28A ST SE,149,GJ,Calgary,Alberta,Canada,2023
3018 & 3020 33A ST SE HOUSING,3020 29A ST SE,215,GJ,Calgary,Alberta,Canada,2023
3019 28A ST SE HOUSING,3021 30A ST SE,119,GJ,Calgary,Alberta,Canada,2023
3020 29A ST SE HOUSING,30 TEMPLEBY WY NE,164,GJ,Calgary,Alberta,Canada,2023
3021 30A ST SE HOUSING,#30-35 2730 19 AV SE,203,GJ,Calgary,Alberta,Canada,2023
30 & 32 TEMPLEBY WY NE HOUSING,303 57 AV SW,156,GJ,Calgary,Alberta,Canada,2023
#30-35 2730 19 AV SE HOUSING,308 15 AV NE,282,GJ,Calgary,Alberta,Canada,2023
303 57 AV SW HOUSING,315 WHITLOCK WY NE,7083,GJ,Calgary,Alberta,Canada,2023
308 15 AV NE HOUSING,31 DEERPOINT RD SE,754,GJ,Calgary,Alberta,Canada,2023
313 & 315 WHITLOCK WY NE HOUSING,315 FALCONRIDGE CR NE,161,GJ,Calgary,Alberta,Canada,2023
31 & 35 DEERPOINT RD SE HOUSING,316 20 AV SW,164,GJ,Calgary,Alberta,Canada,2023
315-325 FALCONRIDGE CR NE HOUSING,321 WHITLOCK WY NE,380,GJ,Calgary,Alberta,Canada,2023
316 20 AV SW HOUSING,31 FAY RD SE,1391,GJ,Calgary,Alberta,Canada,2023
319 & 321 WHITLOCK WY NE HOUSING,3202 30A AV SE,183,GJ,Calgary,Alberta,Canada,2023
31 FAY RD SE HOUSING,3202 32A AV SE,135,GJ,Calgary,Alberta,Canada,2023
3202 30A AV SE HOUSING,3203 33A AV SE,62,GJ,Calgary,Alberta,Canada,2023
3202 32A AV SE HOUSING,3206 32A AV SE,99,GJ,Calgary,Alberta,Canada,2023
3203 33A AV SE HOUSING,3207 31A AV SE,78,GJ,Calgary,Alberta,Canada,2023
3206 32A AV SE HOUSING,3207 33A AV SE,130,GJ,Calgary,Alberta,Canada,2023
3207 31A AV SE HOUSING,3208 32A AV SE,98,GJ,Calgary,Alberta,Canada,2023
3207 33A AV SE HOUSING,3209 31A AV SE,71,GJ,Calgary,Alberta,Canada,2023
3208 32A AV SE HOUSING,3211 33A AV SE,205,GJ,Calgary,Alberta,Canada,2023
3209 & 3211 31A AV SE HOUSING,3212 32A AV SE,138,GJ,Calgary,Alberta,Canada,2023
3211 33A AV SE HOUSING,3213 33A AV SE,215,GJ,Calgary,Alberta,Canada,2023
3212 32A AV SE HOUSING,3213A 31A AV SE,207,GJ,Calgary,Alberta,Canada,2023
3213 33A AV SE HOUSING,3215 31A AV SE,159,GJ,Calgary,Alberta,Canada,2023
3213A & 3213B 31A AV SE HOUSING,3216 30A AV SE,152,GJ,Calgary,Alberta,Canada,2023
3215 & 3217 31A AV SE HOUSING,3216 32A AV SE,130,GJ,Calgary,Alberta,Canada,2023
3216 30A AV SE HOUSING,3217 33A AV SE,228,GJ,Calgary,Alberta,Canada,2023
3216 32A AV SE HOUSING,3219 31A AV SE,212,GJ,Calgary,Alberta,Canada,2023
3217 33A AV SE HOUSING,3222 30A AV SE,177,GJ,Calgary,Alberta,Canada,2023
3219 31A AV SE HOUSING,3229 56 ST NE,218,GJ,Calgary,Alberta,Canada,2023
3222 30A AV SE HOUSING,325 10 ST NW,119,GJ,Calgary,Alberta,Canada,2023
3229 56 ST NE HOUSING,327 FALCONRIDGE CR NE,1338,GJ,Calgary,Alberta,Canada,2023
325 10 ST NW HOUSING,327 FALSHIRE DR NE,4284,GJ,Calgary,Alberta,Canada,2023
327-339 FALCONRIDGE CR NE HOUSING,32 RADCLIFFE CO SE,572,GJ,Calgary,Alberta,Canada,2023
327 FALSHIRE DR NE HOUSING,330 2 AV NE,166,GJ,Calgary,Alberta,Canada,2023
32 RADCLIFFE CO SE HOUSING,333 17 AV NW,182,GJ,Calgary,Alberta,Canada,2023
330 2 AV NE HOUSING,339 FALSHIRE WY NE,1855,GJ,Calgary,Alberta,Canada,2023
333 17 AV NW HOUSING,3401 CENTRE ST NW,1718,GJ,Calgary,Alberta,Canada,2023
339 FALSHIRE WY NE HOUSING,343 WHITLOCK WY NE,78,GJ,Calgary,Alberta,Canada,2023
3401 CENTRE ST NW HOUSING,36 FALMEAD BA NE,665,GJ,Calgary,Alberta,Canada,2023
341 & 343 WHITLOCK WY NE HOUSING,3454 30A AV SE,183,GJ,Calgary,Alberta,Canada,2023
34 & 36 FALMEAD BA NE HOUSING,3456 30A AV SE,202,GJ,Calgary,Alberta,Canada,2023
3454 30A AV SE HOUSING,3456 32A AV SE,136,GJ,Calgary,Alberta,Canada,2023
3456 30A AV SE HOUSING,3461 31A AV SE,183,GJ,Calgary,Alberta,Canada,2023
3456 32A AV SE HOUSING,3461 33A AV SE,158,GJ,Calgary,Alberta,Canada,2023
3461 31A AV SE HOUSING,3462 30A AV SE,227,GJ,Calgary,Alberta,Canada,2023
3461 33A AV SE HOUSING,3462 32A AV SE,167,GJ,Calgary,Alberta,Canada,2023
3462 30A AV SE HOUSING,3463 33A AV SE,187,GJ,Calgary,Alberta,Canada,2023
3462 32A AV SE HOUSING,3466 30 AV SE,159,GJ,Calgary,Alberta,Canada,2023
3463 33A AV SE HOUSING,3464 32A AV SE,214,GJ,Calgary,Alberta,Canada,2023
3466 30A AV SE HOUSING,3467 31A AV SE,218,GJ,Calgary,Alberta,Canada,2023
3466 32A AV SE HOUSING,3469 33A AV SE,178,GJ,Calgary,Alberta,Canada,2023
3467 31A AV SE HOUSING,3470 30A AV SE,177,GJ,Calgary,Alberta,Canada,2023
3469 33A AV SE HOUSING,3473 33A AV SE,161,GJ,Calgary,Alberta,Canada,2023
3470 30A AV SE HOUSING,3474 30A AV SE,100,GJ,Calgary,Alberta,Canada,2023
3473 33A AV SE HOUSING,3477 33A AV SE,95,GJ,Calgary,Alberta,Canada,2023
3474 30A AV SE HOUSING,34 ERIN RIDGE PL SE,91,GJ,Calgary,Alberta,Canada,2023
3477 33A AV SE HOUSING,3534 CEDARILLE DR SW,109,GJ,Calgary,Alberta,Canada,2023
34 ERIN RIDGE PL SE HOUSING,3542 CEDARILLE DR SW,73,GJ,Calgary,Alberta,Canada,2023
3534 & 3536 CEDARILLE DR SW HOUSING,3546 CEDARILLE DR SW,287,GJ,Calgary,Alberta,Canada,2023
3542 & 3544 CEDARILLE DR SW HOUSING,359 WHITLOCK WY NE,186,GJ,Calgary,Alberta,Canada,2023
3546 & 3548 CEDARILLE DR SW HOUSING,3601 28 AV SE,253,GJ,Calgary,Alberta,Canada,2023
357 & 359 WHITLOCK WY NE HOUSING,3605 28 AV SE,137,GJ,Calgary,Alberta,Canada,2023
3601 & 3603 28 AV SE HOUSING,3609 28 AV SE,147,GJ,Calgary,Alberta,Canada,2023
3605 & 3607 28 AV SE HOUSING,3610 CEDARILLE DR SW,160,GJ,Calgary,Alberta,Canada,2023
3609 & 3611 28 AV SE HOUSING,3613 28 AV SE,132,GJ,Calgary,Alberta,Canada,2023
3610 & 3612 CEDARILLE DR SW HOUSING,3617 28 AV SE,150,GJ,Calgary,Alberta,Canada,2023
3613 & 3615 28 AV SE HOUSING,3621 28 AV SE,163,GJ,Calgary,Alberta,Canada,2023
3617 & 3619 28 AV SE HOUSING,3625 28 AV SE,138,GJ,Calgary,Alberta,Canada,2023
3621 & 3623 28 AV SE HOUSING,3629 28 AV SE,116,GJ,Calgary,Alberta,Canada,2023
3625 & 3627 28 AV SE HOUSING,3633 28 AV SE,193,GJ,Calgary,Alberta,Canada,2023
3629 & 3631 28 AV SE HOUSING,36 ABINGDON CO NE,169,GJ,Calgary,Alberta,Canada,2023
3633 & 3635 28 AV SE HOUSING,36 RADCLIFFE CO SE,163,GJ,Calgary,Alberta,Canada,2023
36 ABINGDON CO NE HOUSING,37 ERIN RIDGE RD SE,82,GJ,Calgary,Alberta,Canada,2023
36 RADCLIFFE CO SE HOUSING,3824 PARKHILL PL SW,446,GJ,Calgary,Alberta,Canada,2023
37 ERIN RIDGE RD SE HOUSING,40 FALMEAD BA NE,84,GJ,Calgary,Alberta,Canada,2023
3824 PARKHILL PL SW HOUSING,3902 44 AV NE,519,GJ,Calgary,Alberta,Canada,2023
38 & 40 FALMEAD BA NE HOUSING,43 DEERPOINT RD SE,132,GJ,Calgary,Alberta,Canada,2023
3902 & 3904 44 AV NE HOUSING,39 FALSHIRE WY NE,219,GJ,Calgary,Alberta,Canada,2023
39 & 43 DEERPOINT RD SE HOUSING,4006 WORCESTER DR SW,129,GJ,Calgary,Alberta,Canada,2023
39 FALSHIRE WY NE HOUSING,4012 WORCESTER DR SW,91,GJ,Calgary,Alberta,Canada,2023
4006 WORCESTER DR SW HOUSING,4018 WORCESTER DR SW,302,GJ,Calgary,Alberta,Canada,2023
4012 WORCESTER DR SW HOUSING,40 38A AV SW,349,GJ,Calgary,Alberta,Canada,2023
4018 WORCESTER DR SW HOUSING,#40-45 2730 19 AV SE,379,GJ,Calgary,Alberta,Canada,2023
40 38A AV SW HOUSING,411 14 ST NW,2201,GJ,Calgary,Alberta,Canada,2023
#40-45 2730 19 AV SE HOUSING,41 FALBURY CR NE,281,GJ,Calgary,Alberta,Canada,2023
411 14 ST NW HOUSING,419 ABADAN PL NE,6371,GJ,Calgary,Alberta,Canada,2023
41 & 43 FALBURY CR NE HOUSING,424 2 AV NE,165,GJ,Calgary,Alberta,Canada,2023
419 ABADAN PL NE HOUSING,4303 WHITEHORN DR NE,99,GJ,Calgary,Alberta,Canada,2023
424 2 AV NE HOUSING,4307 DOVERWOOD PL SE,1123,GJ,Calgary,Alberta,Canada,2023
4303 & 4307 WHITEHORN DR NE HOUSING,4308 DOVERWOOD PL SE,140,GJ,Calgary,Alberta,Canada,2023
4307 DOVERWOOD PL SE HOUSING,4312 DOVERWOOD PL SE,175,GJ,Calgary,Alberta,Canada,2023
4308 DOVERWOOD PL SE HOUSING,4311 WHITEHORN DR NE,151,GJ,Calgary,Alberta,Canada,2023
4310 DOVERWOOD PL SE HOUSING,4311 DOVERWOOD PL SE,65,GJ,Calgary,Alberta,Canada,2023
4311 & 4315 WHITEHORN DR NE HOUSING,4313 DOVERWOOD PL SE,122,GJ,Calgary,Alberta,Canada,2023
4311 DOVERWOOD PL SE HOUSING,4314 DOVERWOOD PL SE,124,GJ,Calgary,Alberta,Canada,2023
4313 DOVERWOOD PL SE HOUSING,4317 DOVERWOOD PL ASE,157,GJ,Calgary,Alberta,Canada,2023
4314 DOVERWOOD PL SE HOUSING,4318 DOVERWOOD PL SE,114,GJ,Calgary,Alberta,Canada,2023
4317 DOVERWOOD PL SE HOUSING,4323 WHITEHORN DR NE,76,GJ,Calgary,Alberta,Canada,2023
4318 DOVERWOOD PL SE HOUSING,4321 DOVERWOOD PL SE,109,GJ,Calgary,Alberta,Canada,2023
4319 & 4323 WHITEHORN DR NE HOUSING,4322 DOVERWOOD PL SE,155,GJ,Calgary,Alberta,Canada,2023
4321 DOVERWOOD PL SE HOUSING,4327 BOWNESS RD NW,109,GJ,Calgary,Alberta,Canada,2023
4322 DOVERWOOD PL SE HOUSING,4325 DOVERWOOD PL SE,153,GJ,Calgary,Alberta,Canada,2023
4325 & 4327 BOWNESS RD NW HOUSING,4326 DOVERWOOD PL SE,160,GJ,Calgary,Alberta,Canada,2023
4325 DOVERWOOD PL SE HOUSING,4331 WHITEHORN DR NE,120,GJ,Calgary,Alberta,Canada,2023
4326 DOVERWOOD PL SE HOUSING,4332 DOVERWOOD PL SE,183,GJ,Calgary,Alberta,Canada,2023
4327 & 4331 WHITEHORN DR NE HOUSING,4339 WHITEHORN DR NE,141,GJ,Calgary,Alberta,Canada,2023
4332 DOVERWOOD PL SE HOUSING,4336 DOVERWOOD PL SE,142,GJ,Calgary,Alberta,Canada,2023
4335 & 4339 WHITEHORN DR NE HOUSING,4347 WHITEHORN DR NE,147,GJ,Calgary,Alberta,Canada,2023
4336 DOVERWOOD PL SE HOUSING,4355 WHITEHORN DR NE,169,GJ,Calgary,Alberta,Canada,2023
4343 & 4347 WHITEHORN DR NE HOUSING,4363 WHITEHORN DR NE,116,GJ,Calgary,Alberta,Canada,2023
4351 & 4355 WHITEHORN DR NE HOUSING,444 ABADAN PL NE,113,GJ,Calgary,Alberta,Canada,2023
4359 & 4363 WHITEHORN DR NE HOUSING,4502 RICHMOND RD SW,163,GJ,Calgary,Alberta,Canada,2023
444 ABADAN PL NE HOUSING,4601 MEMORIAL DR SE,129,GJ,Calgary,Alberta,Canada,2023
4500 & 4502 RICHMOND RD SW HOUSING,4605 MEMORIAL DR SE,156,GJ,Calgary,Alberta,Canada,2023
4601 MEMORIAL DR SE HOUSING,4611 MEMORIAL DR SE,148,GJ,Calgary,Alberta,Canada,2023
4605 MEMORIAL DR SE HOUSING,461 23 AV NE,142,GJ,Calgary,Alberta,Canada,2023
4611 MEMORIAL DR SE HOUSING,4615 MEMORIAL DR SE,130,GJ,Calgary,Alberta,Canada,2023
461 23 AV NE HOUSING,4617 MEMORIAL DR SE,282,GJ,Calgary,Alberta,Canada,2023
4615 MEMORIAL DR SE HOUSING,4623 MEMORIAL DR SE,151,GJ,Calgary,Alberta,Canada,2023
4617 MEMORIAL DR SE HOUSING,4625 MEMORIAL DR SE,100,GJ,Calgary,Alberta,Canada,2023
4623 MEMORIAL DR SE HOUSING,4631 MEMORIAL DR SE,174,GJ,Calgary,Alberta,Canada,2023
4625 MEMORIAL DR SE HOUSING,4633 MEMORIAL DR SE,150,GJ,Calgary,Alberta,Canada,2023
4631 MEMORIAL DR SE HOUSING,4637 MEMORIAL DR SE,153,GJ,Calgary,Alberta,Canada,2023
4633 MEMORIAL DR SE HOUSING,4641 MEMORIAL DR SE,137,GJ,Calgary,Alberta,Canada,2023
4637 MEMORIAL DR SE HOUSING,4645 MEMORIAL DR SE,114,GJ,Calgary,Alberta,Canada,2023
4641 MEMORIAL DR SE HOUSING,48 DEER RIDGE WY SE,186,GJ,Calgary,Alberta,Canada,2023
4645 MEMORIAL DR SE HOUSING,4651 MEMORIAL DR SE,139,GJ,Calgary,Alberta,Canada,2023
46 & 48 DEER RIDGE WY SE HOUSING,465 23 AV NE,197,GJ,Calgary,Alberta,Canada,2023
4651 MEMORIAL DR SE HOUSING,47 RADCLIFFE CL SE,74,GJ,Calgary,Alberta,Canada,2023
465 23 AV NE HOUSING,4829 60 ST NE,257,GJ,Calgary,Alberta,Canada,2023
47 RADCLIFFE CL SE HOUSING,4847 DALTON DR NW,531,GJ,Calgary,Alberta,Canada,2023
4829 & 4831 60 ST NE HOUSING,4848 DALTON DR NW,197,GJ,Calgary,Alberta,Canada,2023
4847 DALTON DR NW HOUSING,48 ABERGALE CL NE,2521,GJ,Calgary,Alberta,Canada,2023
4848 DALTON DR NW HOUSING,48 ABINGDON CR NE,2158,GJ,Calgary,Alberta,Canada,2023
48 ABERGALE CL NE HOUSING,48 CEDARWOOD RI SW,866,GJ,Calgary,Alberta,Canada,2023
48 ABINGDON CR NE HOUSING,49 CASTLERIDGE DR NE,84,GJ,Calgary,Alberta,Canada,2023
48 CEDARWOOD RI SW HOUSING,51 FONDA DR SE,173,GJ,Calgary,Alberta,Canada,2023
49 & 51 CASTLERIDGE DR NE HOUSING,4 RADCLIFFE CO SE,159,GJ,Calgary,Alberta,Canada,2023
49 & 51 FONDA DR SE HOUSING,503 ABADAN PL NE,174,GJ,Calgary,Alberta,Canada,2023
4 RADCLIFFE CO SE HOUSING,507 ABADAN PL NE,251,GJ,Calgary,Alberta,Canada,2023
501 & 503 ABADAN PL NE HOUSING,#50-55 2730 19 AV SE,187,GJ,Calgary,Alberta,Canada,2023
505 & 507 ABADAN PL NE HOUSING,508 72 AV NW,184,GJ,Calgary,Alberta,Canada,2023
#50-55 2730 19 AV SE HOUSING,511 ABADAN PL NE,257,GJ,Calgary,Alberta,Canada,2023
508 72 AV NW HOUSING,511 ABALONE PL NE,1497,GJ,Calgary,Alberta,Canada,2023
509 & 511 ABADAN PL NE HOUSING,515 ABADAN PL NE,169,GJ,Calgary,Alberta,Canada,2023
511 ABALONE PL NE HOUSING,519 ABADAN PL NE,65,GJ,Calgary,Alberta,Canada,2023
513 & 515 ABADAN PL NE HOUSING,519 ABALONE PL NE,159,GJ,Calgary,Alberta,Canada,2023
517 & 519 ABADAN PL NE HOUSING,520 RADLEY WY SE,175,GJ,Calgary,Alberta,Canada,2023
519 ABALONE PL NE HOUSING,523 ABADAN PL NE,70,GJ,Calgary,Alberta,Canada,2023
520 RADLEY WY SE HOUSING,5226 19 AV NW,194,GJ,Calgary,Alberta,Canada,2023
521 & 523 ABADAN PL NE HOUSING,5232 19 AV NW,241,GJ,Calgary,Alberta,Canada,2023
5226 19 AV NW HOUSING,5234 19 AV NW,183,GJ,Calgary,Alberta,Canada,2023
5230 19 AV NW HOUSING,5241 19 AV NW,145,GJ,Calgary,Alberta,Canada,2023
5234 19 AV NW HOUSING,5242 19 AV NW,161,GJ,Calgary,Alberta,Canada,2023
5241 19 AV NW HOUSING,5245 19 AV NW,188,GJ,Calgary,Alberta,Canada,2023
5242 19 AV NW HOUSING,5247 19 AV NW,192,GJ,Calgary,Alberta,Canada,2023
5245 19 AV NW HOUSING,5253 19 AV NW,208,GJ,Calgary,Alberta,Canada,2023
5247 19 AV NW HOUSING,5255 19 AV NW,237,GJ,Calgary,Alberta,Canada,2023
5253 19 AV NW HOUSING,527 ABADAN PL NE,186,GJ,Calgary,Alberta,Canada,2023
5255 19 AV NW HOUSING,5259 19 AV NW,232,GJ,Calgary,Alberta,Canada,2023
525 & 527 ABADAN PL NE HOUSING,5263 19 AV NW,120,GJ,Calgary,Alberta,Canada,2023
5259 19 AV NW HOUSING,5267 19 AV NW,219,GJ,Calgary,Alberta,Canada,2023
5263 19 AV NW HOUSING,529 RADLEY WY SE,177,GJ,Calgary,Alberta,Canada,2023
5267 19 AV NW HOUSING,56 RADCLIFFE CR SE,214,GJ,Calgary,Alberta,Canada,2023
527-535 RADLEY WY SE HOUSING,55 FONDA DR SE,352,GJ,Calgary,Alberta,Canada,2023
52 RADCLIFFE CO SE HOUSING,53 ERIN RIDGE RD SE,307,GJ,Calgary,Alberta,Canada,2023
53 & 55 FONDA DR SE HOUSING,56 DEER RIDGE WY SE,130,GJ,Calgary,Alberta,Canada,2023
53 ERIN RIDGE RD SE HOUSING,55 ERIN DALE CR SE,135,GJ,Calgary,Alberta,Canada,2023
54 & 56 DEER RIDGE WY SE HOUSING,56 CASTLEBROOK WY NE,114,GJ,Calgary,Alberta,Canada,2023
55 ERIN DALE CR SE HOUSING,5717 2 ST SW,117,GJ,Calgary,Alberta,Canada,2023
56 CASTLEBROOK WY NE HOUSING,5719 68 ST NE,72,GJ,Calgary,Alberta,Canada,2023
56 RADCLIFFE CR SE HOUSING,5723 68 ST NE,245,GJ,Calgary,Alberta,Canada,2023
5717 2 ST SW HOUSING,5727 68 ST NE,4594,GJ,Calgary,Alberta,Canada,2023
5719 & 5721 68 ST NE HOUSING,5731 68 ST NE,190,GJ,Calgary,Alberta,Canada,2023
5723 & 5725 68 ST NE HOUSING,5735 68 ST NE,209,GJ,Calgary,Alberta,Canada,2023
5727 & 5729 68 ST NE HOUSING,5743 68 ST NE,199,GJ,Calgary,Alberta,Canada,2023
5731 & 5733 68 ST NE HOUSING,59 CASTLEPARK RD NE,193,GJ,Calgary,Alberta,Canada,2023
5735 & 5737 68 ST NE HOUSING,59 FONDA DR SE,183,GJ,Calgary,Alberta,Canada,2023
5743 & 5745 68 ST NE HOUSING,7 CASTLEPARK WY NE,168,GJ,Calgary,Alberta,Canada,2023
5757 2 ST SW HOUSING,59 BERKLEY WY NW,6585,GJ,Calgary,Alberta,Canada,2023
57 & 59 CASTLEPARK RD NE HOUSING,#60-65 2730 19 AV SE,167,GJ,Calgary,Alberta,Canada,2023
57 & 59 FONDA DR SE HOUSING,60 CASTLERIDGE DR NE,151,GJ,Calgary,Alberta,Canada,2023
5 & 7 CASTLEPARK WY NE HOUSING,6111 BOWNESS RD NW,146,GJ,Calgary,Alberta,Canada,2023
59 BERKLEY WY NW HOUSING,6123 BOWNESS RD NW,3242,GJ,Calgary,Alberta,Canada,2023
#60-65 2730 19 AV SE HOUSING,63 CASTLEPARK RD NE,203,GJ,Calgary,Alberta,Canada,2023
60 CASTLERIDGE DR NE HOUSING,63 FONDA DR SE,96,GJ,Calgary,Alberta,Canada,2023
6111 BOWNESS RD NW HOUSING,61 ABERDARE RD NE,1488,GJ,Calgary,Alberta,Canada,2023
6123 BOWNESS RD NW HOUSING,6236 BOWNESS RD NW,675,GJ,Calgary,Alberta,Canada,2023
61 & 63 CASTLEPARK RD NE HOUSING,6303 CENTRE ST NW,215,GJ,Calgary,Alberta,Canada,2023
61 & 63 FONDA DR SE HOUSING,6504 35 AV NW,144,GJ,Calgary,Alberta,Canada,2023
61 ABERDARE RD NE HOUSING,67 CASTLEPARK RD NE,90,GJ,Calgary,Alberta,Canada,2023
6236 BOWNESS RD NW HOUSING,67 FONDA DR SE,588,GJ,Calgary,Alberta,Canada,2023
6301-6307 CENTRE ST NW HOUSING,6803 CENTRE ST NW,252,GJ,Calgary,Alberta,Canada,2023
6504 35 AV NW HOUSING,6835 CENTRE ST NW,619,GJ,Calgary,Alberta,Canada,2023
65 & 67 CASTLEPARK RD NE HOUSING,68 ABINGDON CO NE,157,GJ,Calgary,Alberta,Canada,2023
65 & 67 FONDA DR SE HOUSING,68 ERIN RIDGE RD SE,129,GJ,Calgary,Alberta,Canada,2023
6803 CENTRE ST NW HOUSING,8 FALMEAD PL NE,1489,GJ,Calgary,Alberta,Canada,2023
6835 CENTRE ST NW HOUSING,6900 RANCHERO RD NW,999,GJ,Calgary,Alberta,Canada,2023
68 ABINGDON CO NE HOUSING,71 CASTLEPARK RD NE,112,GJ,Calgary,Alberta,Canada,2023
68 ERIN RIDGE RD SE HOUSING,71 FONDA DR SE,103,GJ,Calgary,Alberta,Canada,2023
6 & 8 FALMEAD PL NE HOUSING,7003 24 ST SE,161,GJ,Calgary,Alberta,Canada,2023
6900 RANCHERO RD NW HOUSING,7005 24 ST SE,1589,GJ,Calgary,Alberta,Canada,2023
69 & 71 CASTLEPARK RD NE HOUSING,#70-75 2730 19 AV SE,188,GJ,Calgary,Alberta,Canada,2023
69 & 71 FONDA DR SE HOUSING,70 ERIN RIDGE RD SE,141,GJ,Calgary,Alberta,Canada,2023
7001 & 7003 24 ST SE HOUSING,11 DEERPOINT RD SE,142,GJ,Calgary,Alberta,Canada,2023
7005 & 7007 24 ST SE HOUSING,#7-12 15 NORQUAY CO NW,100,GJ,Calgary,Alberta,Canada,2023
#70-73 2730 19 AV SE HOUSING,72 ABERGALE CL NE,210,GJ,Calgary,Alberta,Canada,2023
70 ERIN RIDGE RD SE HOUSING,72 FALTON RI NE,86,GJ,Calgary,Alberta,Canada,2023
7 & 11 DEERPOINT RD SE HOUSING,72 PENWORTH CL SE,144,GJ,Calgary,Alberta,Canada,2023
#7-12 15 NORQUAY CO NW HOUSING,75 CASTLEPARK RD NE,475,GJ,Calgary,Alberta,Canada,2023
72 ABERGALE CL NE HOUSING,75 FONDA DR SE,744,GJ,Calgary,Alberta,Canada,2023
72 FALTON RI NE HOUSING,74 FALCONRIDGE PL NE,101,GJ,Calgary,Alberta,Canada,2023
72 PENWORTH CL SE HOUSING,7503 BOWNESS RD NW,80,GJ,Calgary,Alberta,Canada,2023
73 & 75 CASTLEPARK RD NE HOUSING,750 5 ST SE,192,GJ,Calgary,Alberta,Canada,2023
73 & 75 FONDA DR SE HOUSING,7507 BOWNESS RD NW,126,GJ,Calgary,Alberta,Canada,2023
74 & 76 FALCONRIDGE PL NE HOUSING,7511 BOWNESS RD NW,194,GJ,Calgary,Alberta,Canada,2023
7503 BOWNESS RD NW HOUSING,7515 BOWNESS RD NW,132,GJ,Calgary,Alberta,Canada,2023
750 5 ST SE HOUSING,7521 BOWNESS RD NW,13408,GJ,Calgary,Alberta,Canada,2023
7507 BOWNESS RD NW HOUSING,7525 BOWNESS RD NW,162,GJ,Calgary,Alberta,Canada,2023
7511 BOWNESS RD NW HOUSING,7529 BOWNESS RD NW,208,GJ,Calgary,Alberta,Canada,2023
7513 BOWNESS RD NW HOUSING,7533 BOWNESS RD NW,158,GJ,Calgary,Alberta,Canada,2023
7521 BOWNESS RD NW HOUSING,7537 BOWNESS RD NW,145,GJ,Calgary,Alberta,Canada,2023
7527 BOWNESS RD NW HOUSING,7541 BOWNESS RD NW,95,GJ,Calgary,Alberta,Canada,2023
7529 BOWNESS RD NW HOUSING,7545 BOWNESS RD NW,179,GJ,Calgary,Alberta,Canada,2023
7533 BOWNESS RD NW HOUSING,75 LINCOLN WY SW,175,GJ,Calgary,Alberta,Canada,2023
7537 BOWNESS RD NW HOUSING,7602 26A ST SE,167,GJ,Calgary,Alberta,Canada,2023
7541 BOWNESS RD NW HOUSING,7603 27 ST SE,250,GJ,Calgary,Alberta,Canada,2023
7545 BOWNESS RD NW HOUSING,7606 26A ST SE,167,GJ,Calgary,Alberta,Canada,2023
75 LINCOLN WY SW HOUSING,7609 27 ST SE,2302,GJ,Calgary,Alberta,Canada,2023
7602 26A ST SE HOUSING,7611 27 ST SE,188,GJ,Calgary,Alberta,Canada,2023
7603 27 ST SE HOUSING,7612 26A ST SE,185,GJ,Calgary,Alberta,Canada,2023
7606 26A ST SE HOUSING,7616 26A ST SE,142,GJ,Calgary,Alberta,Canada,2023
7609 27 ST SE HOUSING,7617 27 ST SE,140,GJ,Calgary,Alberta,Canada,2023
7611 27 ST SE HOUSING,7618 26A ST SE,126,GJ,Calgary,Alberta,Canada,2023
7612 26A ST SE HOUSING,7619 27 ST SE,164,GJ,Calgary,Alberta,Canada,2023
7616 26A ST SE HOUSING,7623 27 ST SE,160,GJ,Calgary,Alberta,Canada,2023
7617 27 ST SE HOUSING,7624 26A ST SE,183,GJ,Calgary,Alberta,Canada,2023
7618 26A ST SE HOUSING,7626 26A ST SE,176,GJ,Calgary,Alberta,Canada,2023
7619 27 ST SE HOUSING,7627 27 ST SE,124,GJ,Calgary,Alberta,Canada,2023
7623 27 ST SE HOUSING,7629 26A ST SE,100,GJ,Calgary,Alberta,Canada,2023
7624 26A ST SE HOUSING,7630 23 ST SE,171,GJ,Calgary,Alberta,Canada,2023
7626 26A ST SE HOUSING,7631 26A ST SE,163,GJ,Calgary,Alberta,Canada,2023
7627 27 ST SE HOUSING,7631 27 ST SE,163,GJ,Calgary,Alberta,Canada,2023
7629 26A ST SE HOUSING,7632 26A ST SE,134,GJ,Calgary,Alberta,Canada,2023
7630 & 7632 23 ST SE HOUSING,7634 23 ST SE,135,GJ,Calgary,Alberta,Canada,2023
7631 26A ST SE HOUSING,7635 26A ST SE,165,GJ,Calgary,Alberta,Canada,2023
7631 27 ST SE HOUSING,7636 26A ST SE,119,GJ,Calgary,Alberta,Canada,2023
7632 26A ST SE HOUSING,7639 26A ST SE,144,GJ,Calgary,Alberta,Canada,2023
7634 & 7636 23 ST SE HOUSING,7639 27 ST SE,157,GJ,Calgary,Alberta,Canada,2023
7635 26A ST SE HOUSING,7640 26A ST SE,110,GJ,Calgary,Alberta,Canada,2023
7636 26A ST SE HOUSING,7645 26A ST SE,150,GJ,Calgary,Alberta,Canada,2023
7639 26A ST SE HOUSING,7645 27 ST SE,168,GJ,Calgary,Alberta,Canada,2023
7639 27 ST SE HOUSING,76 ABINGDON WY NE,96,GJ,Calgary,Alberta,Canada,2023
7640 26A ST SE HOUSING,76 CASTLEDALE WY NE,161,GJ,Calgary,Alberta,Canada,2023
7645 26A ST SE HOUSING,76 CEDARWOOD HL SW,169,GJ,Calgary,Alberta,Canada,2023
7645 27 ST SE HOUSING,7701 BOWNESS RD NW,183,GJ,Calgary,Alberta,Canada,2023
76 ABINGDON WY NE HOUSING,7705 BOWNESS RD NW,84,GJ,Calgary,Alberta,Canada,2023
76 CASTLEDALE WY NE HOUSING,7709 BOWNESS RD NW,103,GJ,Calgary,Alberta,Canada,2023
76 CEDARWOOD HL SW HOUSING,7713 BOWNESS RD NW,255,GJ,Calgary,Alberta,Canada,2023
7701 BOWNESS RD NW HOUSING,7717 BOWNESS RD NW,66,GJ,Calgary,Alberta,Canada,2023
7705 BOWNESS RD NW HOUSING,7721 BOWNESS RD NW,216,GJ,Calgary,Alberta,Canada,2023
7709 BOWNESS RD NW HOUSING,77 ABERDARE RD NE,170,GJ,Calgary,Alberta,Canada,2023
7713 BOWNESS RD NW HOUSING,7801 24 ST SE,169,GJ,Calgary,Alberta,Canada,2023
7717 BOWNESS RD NW HOUSING,7805 24 ST SE,186,GJ,Calgary,Alberta,Canada,2023
7721 BOWNESS RD NW HOUSING,7809 24 ST SE,159,GJ,Calgary,Alberta,Canada,2023
77 ABERDARE RD NE HOUSING,7813 24 ST SE,88,GJ,Calgary,Alberta,Canada,2023
7801 & 7803 24 ST SE HOUSING,7817 24 ST SE,142,GJ,Calgary,Alberta,Canada,2023
7805 & 7807 24 ST SE HOUSING,7821 24 ST SE,95,GJ,Calgary,Alberta,Canada,2023
7809 & 7811 24 ST SE HOUSING,78 CASTLEDALE WY NE,152,GJ,Calgary,Alberta,Canada,2023
7813 & 7815 24 ST SE HOUSING,80 ERIN MOUNT CR SE,125,GJ,Calgary,Alberta,Canada,2023
7817 & 7819 24 ST SE HOUSING,84 DEER RIDGE WY SE,148,GJ,Calgary,Alberta,Canada,2023
7821 & 7823 24 ST SE HOUSING,83 ABALONE WY NE,173,GJ,Calgary,Alberta,Canada,2023
78 CASTLEDALE WY NE HOUSING,83 ERIN WOODS PL SE,58,GJ,Calgary,Alberta,Canada,2023
80-84 ERIN MOUNT CR SE HOUSING,8402 CENTRE ST NE,221,GJ,Calgary,Alberta,Canada,2023
#8-13 7000 RANCHERO RD NW HOUSING,8519 BOWNESS RD NW,383,GJ,Calgary,Alberta,Canada,2023
82 & 84 DEER RIDGE WY SE HOUSING,88 DEER RIDGE WY SE,141,GJ,Calgary,Alberta,Canada,2023
83 ABALONE WY NE HOUSING,86 ERIN MOUNT CR SE,79,GJ,Calgary,Alberta,Canada,2023
83 ERIN WOODS PL SE HOUSING,86 ERIN RIDGE RD SE,58,GJ,Calgary,Alberta,Canada,2023
8402 & 8404 CENTRE ST NE HOUSING,87 ABINGDON WY NE,216,GJ,Calgary,Alberta,Canada,2023
8519 BOWNESS RD NW HOUSING,89 FALWORTH WY NE,187,GJ,Calgary,Alberta,Canada,2023
86 & 88 DEER RIDGE WY SE HOUSING,92 ERIN RIDGE RD SE,226,GJ,Calgary,Alberta,Canada,2023
86-92 ERIN MOUNT CR SE HOUSING,96 CASTLEDALE WY NE,265,GJ,Calgary,Alberta,Canada,2023
86 ERIN RIDGE RD SE HOUSING,9960 BONAVENTURE DR SE,129,GJ,Calgary,Alberta,Canada,2023
87 ABINGDON WY NE HOUSING,9 ERIN RIDGE RD SE,86,GJ,Calgary,Alberta,Canada,2023
89 FALWORTH WY NE HOUSING,159 ABALONE CR NE,121,GJ,Calgary,Alberta,Canada,2023
92 ERIN RIDGE RD SE HOUSING,360 40 AV NW,82,GJ,Calgary,Alberta,Canada,2023
96 CASTLEDALE WY NE HOUSING,83 APPLEWOOD DR SE,72,GJ,Calgary,Alberta,Canada,2023
9960 BONAVENTURE DR SE HOUSING,15 4 ST NE,1397,GJ,Calgary,Alberta,Canada,2023
9 ERIN RIDGE RD SE HOUSING,14812 BANNISTER RD SE,101,GJ,Calgary,Alberta,Canada,2023
ABBEYDALE 3,1330 BERKLEY DR NW,1253,GJ,Calgary,Alberta,Canada,2023
ALBERTA HOUSING PROJECT,736 MCDOUGALL CO NE,634,GJ,Calgary,Alberta,Canada,2023
APPLEWOOD LANE,2375 162 AV SW,3570,GJ,Calgary,Alberta,Canada,2023
ARMOUR BLOCK,2611 106 AV SW,1888,GJ,Calgary,Alberta,Canada,2023
BANNISTER MANOR,1820 14 AV NE,4218,GJ,Calgary,Alberta,Canada,2023
BEDDINGTON PHASE 2,6624 CENTRE ST SE,3606,GJ,Calgary,Alberta,Canada,2023
BRIDGELAND PLACE,2425 69 AV SE,4138,GJ,Calgary,Alberta,Canada,2023
BRIDLEWOOD AFFORDABLE HOUSING,48 MCHUGH CO NE,201,GJ,Calgary,Alberta,Canada,2023
CEDARBRAE 2,123 DEERFIELD DR SE,1526,GJ,Calgary,Alberta,Canada,2023
CEDAR COURT GARDENS,55 DEERPOINT RD SE,1734,GJ,Calgary,Alberta,Canada,2023
CHC SOUTH DISTRICT OFFICE,26 CASTLERIDGE DR NE,940,GJ,Calgary,Alberta,Canada,2023
CRESTWOOD AFFORDABLE HOUSING,55 EDGEBURN CR NW,3291,GJ,Calgary,Alberta,Canada,2023
CROSSROADS GARDENS - 48 MCHUGH CO NE,12 ERIN DALE CR SE,971,GJ,Calgary,Alberta,Canada,2023
DEERFIELD VILLAS,293 ERIN WOODS DR SE,1562,GJ,Calgary,Alberta,Canada,2023
DEERPOINT GARDENS,1260 FALCONRIDGE DR NE,2641,GJ,Calgary,Alberta,Canada,2023
DUPLEX - 26 & 28 CASTLERIDGE DR NE,3805 47 ST SW,173,GJ,Calgary,Alberta,Canada,2023
EDGEBURN GARDENS,5320 35 AV SW,6356,GJ,Calgary,Alberta,Canada,2023
ERINDALE COURT,3206 30A AV SE,109,GJ,Calgary,Alberta,Canada,2023
ERIN WOODS,7519 BOWNESS RD NW,4807,GJ,Calgary,Alberta,Canada,2023
FALCONRIDGE TOWNHOUSES,2029 36 ST SE,3451,GJ,Calgary,Alberta,Canada,2023
GLENBROOK CO-OP COURT - 3805 47 ST SW,1636 16A ST SE,2154,GJ,Calgary,Alberta,Canada,2023
GLENBROOK CO-OP COURT - 3905 47 ST SW,4405 RICHARDSON WY SW,1808,GJ,Calgary,Alberta,Canada,2023
GLENBROOK HOUSING,4414 RICHARDSON RD SW,3511,GJ,Calgary,Alberta,Canada,2023
INACTIVE - 3206 30A AV SE HOUSING,4433 RICHARDSON WY SW,10,GJ,Calgary,Alberta,Canada,2023
INACTIVE - 7517 BOWNESS RD NW HOUSING,4448 RICHARDSON RD SW,72,GJ,Calgary,Alberta,Canada,2023
INACTIVE - RESIDENTIAL - 2029 36 ST SE,4467 RICHARDSON WY SW,95,GJ,Calgary,Alberta,Canada,2023
INGLEWOOD TOWNHOUSES,4478 RICHARDSON RD SW,1276,GJ,Calgary,Alberta,Canada,2023
LINCOLN PARK - 4405-4431 RICHARDSON WY SW HOUSING,4501 RICHARDSON WY SW,555,GJ,Calgary,Alberta,Canada,2023
LINCOLN PARK - 4414-4440 RICHARDSON RD SW HOUSING,4514 RICHARDSON RD SW,495,GJ,Calgary,Alberta,Canada,2023
LINCOLN PARK - 4433-4463 RICHARDSON WY SW HOUSING,4538 RICHARDSON RD SW,649,GJ,Calgary,Alberta,Canada,2023
LINCOLN PARK - 4448-4470 RICHARDSON RD SW HOUSING,1719 10 ST SW,476,GJ,Calgary,Alberta,Canada,2023
LINCOLN PARK - 4467-4497 RICHARDSON WY SW HOUSING,872 4 AV SW,469,GJ,Calgary,Alberta,Canada,2023
LINCOLN PARK - 4478-4488 RICHARDSON RD SW HOUSING,400 MACEWAN DR NW,196,GJ,Calgary,Alberta,Canada,2023
LINCOLN PARK - 4501-4523 RICHARDSON WY SW HOUSING,120 MCKENNA CR SE,206,GJ,Calgary,Alberta,Canada,2023
LINCOLN PARK - 4514-4536 RICHARDSON RD SW HOUSING,3500 VARSITY DR NW,362,GJ,Calgary,Alberta,Canada,2023
LINCOLN PARK - 4538-4564 RICHARDSON RD SW HOUSING,4525 MONTGOMERY AV NW,203,GJ,Calgary,Alberta,Canada,2023
LONDON HOUSE,1121 15 AV SW,622,GJ,Calgary,Alberta,Canada,2023
LOUISE STATION,2525 98 AV SW,4836,GJ,Calgary,Alberta,Canada,2023
MACEWAN TERRACE,1440 52 ST SE,4623,GJ,Calgary,Alberta,Canada,2023
MCKENNA LANE,107 PINEHILL PL NE,3876,GJ,Calgary,Alberta,Canada,2023
MCLAURIN VILLAGE,112 PINEHILL PL NE,79,GJ,Calgary,Alberta,Canada,2023
MONTGOMERY HOUSING,119 PINEHILL PL NE,3798,GJ,Calgary,Alberta,Canada,2023
MONTREZ,1001 5919 24 AV NE,3430,GJ,Calgary,Alberta,Canada,2023
OAKRIDGE TOWNHOUSES,102 5919 24 AV NE,2117,GJ,Calgary,Alberta,Canada,2023
PENBROOKE 1 HOUSING,1101 5919 24 AV NE,1801,GJ,Calgary,Alberta,Canada,2023
PINEHILL GARDENS - 107-117 PINEHILL PL NE HOUSING,1201 5919 24 AV NE,491,GJ,Calgary,Alberta,Canada,2023
PINEHILL GARDENS - 112-120 PINEHILL PL NE HOUSING,1401 5919 24 AV NE,535,GJ,Calgary,Alberta,Canada,2023
PINEHILL GARDENS - 119 PINEHILL PL NE HOUSING,1501 5919 24 AV NE,1425,GJ,Calgary,Alberta,Canada,2023
PINEWOOD PARK - #1001-1011 5919 24 AV NE HOUSING,1601 5919 24 AV NE,420,GJ,Calgary,Alberta,Canada,2023
PINEWOOD PARK - #102-108 5919 24 AV NE HOUSING,1701 5919 24 AV NE,253,GJ,Calgary,Alberta,Canada,2023
PINEWOOD PARK - #1101-1107 5919 24 AV NE HOUSING,1801 5919 24 AV NE,298,GJ,Calgary,Alberta,Canada,2023
PINEWOOD PARK - #1201-1207 5919 24 AV NE HOUSING,202 5920 22 AV NE,293,GJ,Calgary,Alberta,Canada,2023
PINEWOOD PARK - #1401-1411 5919 24 AV NE HOUSING,302 5920 22 AV NE,412,GJ,Calgary,Alberta,Canada,2023
PINEWOOD PARK - #1501-1507 5919 24 AV NE HOUSING,502 5920 22 AV NE,285,GJ,Calgary,Alberta,Canada,2023
PINEWOOD PARK - #1601-1607 5919 24 AV NE HOUSING,5919 24 AV NE,227,GJ,Calgary,Alberta,Canada,2023
PINEWOOD PARK - #1701-1711 5919 24 AV NE HOUSING,5920 22 AV NE,394,GJ,Calgary,Alberta,Canada,2023
PINEWOOD PARK - #1801-1807 5919 24 AV NE HOUSING,602 5920 22 AV NE,287,GJ,Calgary,Alberta,Canada,2023
PINEWOOD PARK - #202-208 5920 22 AV NE HOUSING,702 5920 22 AV NE,344,GJ,Calgary,Alberta,Canada,2023
PINEWOOD PARK - #302-312 5920 22 AV NE HOUSING,802 5920 22 AV NE,469,GJ,Calgary,Alberta,Canada,2023
PINEWOOD PARK - #502-508 5920 22 AV NE HOUSING,902 5920 22 AV NE,277,GJ,Calgary,Alberta,Canada,2023
PINEWOOD PARK - 5919 24 AV NE HOUSING,1215 RANCHLANDS WY NW,1258,GJ,Calgary,Alberta,Canada,2023
PINEWOOD PARK - 5920 22 AV NE HOUSING,161 RANCH GLEN DR NW,1282,GJ,Calgary,Alberta,Canada,2023
PINEWOOD PARK - #602-608 5920 22 AV NE HOUSING,40 RANCHLANDS BA NW,280,GJ,Calgary,Alberta,Canada,2023
PINEWOOD PARK - #702-712 5920 22 AV NE HOUSING,900 ROBERT RD NE,402,GJ,Calgary,Alberta,Canada,2023
PINEWOOD PARK - #802-808 5920 22 AV NE HOUSING,1625 42 ST SW,297,GJ,Calgary,Alberta,Canada,2023
PINEWOOD PARK - #902-912 5920 22 AV NE HOUSING,147 RUNDLEMERE RD NE,422,GJ,Calgary,Alberta,Canada,2023
RANCHLANDS GV NW HOUSING,3307 SPRUCE DR SW,1527,GJ,Calgary,Alberta,Canada,2023
RANCHLANDS HOUSING PROJECT,75 SHAWNESSY DR SW,587,GJ,Calgary,Alberta,Canada,2023
RANCHLANDS WEST HOUSING PROJECT,9090 24 ST SE,1208,GJ,Calgary,Alberta,Canada,2023
RENFREW 2,36 STRADWICK RI SW,1239,GJ,Calgary,Alberta,Canada,2023
ROSSCARROCK COMMUNITY HOUSING,58 TEMPLEMONT RD NE,4150,GJ,Calgary,Alberta,Canada,2023
RUNDLEMERE RD NE HOUSING,168 ST MORITZ DR SW,3252,GJ,Calgary,Alberta,Canada,2023
SHAGANAPPI VILLAGE,112 27 AV NW,16448,GJ,Calgary,Alberta,Canada,2023
SHAWNESSY TERRACE,1112 7 AV SW,2337,GJ,Calgary,Alberta,Canada,2023
SOUTH HILL MOBILE HOME PARK,11 VENTURA LN NE,81,GJ,Calgary,Alberta,Canada,2023
STRATHCONA 1,12 VENTURA LN NE,3920,GJ,Calgary,Alberta,Canada,2023
TEMPLE 1 COMMUNITY HOUSING,22 VENTURA LN NE,2742,GJ,Calgary,Alberta,Canada,2023
TREO AT MONTREUX,23 VENTURA LN NE,11982,GJ,Calgary,Alberta,Canada,2023
TUXEDO GARDEN COURT,249A PENNSYLVANIA RD SE,1163,GJ,Calgary,Alberta,Canada,2023
UPTOWN APT,249B PENNSYLVANIA RD SE,2195,GJ,Calgary,Alberta,Canada,2023
VENTURA LN NE - 11-21 VENTURA LN NE HOUSING,249C PENNSYLVANIA RD SE,320,GJ,Calgary,Alberta,Canada,2023
VENTURA LN NE - 12-20 VENTURA LN NE HOUSING,1225 14 AV SW,343,GJ,Calgary,Alberta,Canada,2023
VENTURA LN NE - 22-32 VENTURA LN NE HOUSING,110 WOODMONT CO SW,451,GJ,Calgary,Alberta,Canada,2023
VENTURA LN NE - 23-33 VENTURA LN NE HOUSING,233 WOODRIDGE DR SW,350,GJ,Calgary,Alberta,Canada,2023
VILLAGE III APARTMENTS - 249 PENNSYLVANIA RD SE HOUSING,1040 WOODVIEW CR SW,4301,GJ,Calgary,Alberta,Canada,2023
WHITE WEATHERFORD PLACE,1225 14 AV SW,3550,GJ,Calgary,Alberta,Canada,2023
